node_id,packet_size,send_rate,neighbor_count,latency,label
7,57.974842044783145,6.368561920944305,2,18.205767915435402,0
20,51.45204060285458,2.6034321203398867,3,20.283142259060853,0
15,67.95164556638963,4.22561597609431,3,20.66575605712143,0
11,49.254923534688274,6.397664146113058,2,21.507102577583836,0
8,55.66340130519022,3.800691618150974,4,23.78831436469988,0
7,58.31818176105263,5.527321938238833,4,19.96242317864611,0
19,32.53838441338809,6.426194450504222,3,21.77308784008972,0
11,76.16699946601594,-0.08264212398458959,3,19.775227066138086,0
11,45.692076120773834,4.837943450316124,2,14.913331716226132,0
4,54.94566602142485,4.896813730347683,4,20.16200720684837,0
8,56.40582006949151,4.381891316474316,2,23.745449221265346,0
3,41.85215872009702,5.452542702419061,3,25.543941912376823,0
2,68.46980331447602,5.986279411243812,4,22.68657828772102,0
12,52.65955269354433,5.2130764164869134,4,26.671751629746495,0
6,47.865273630926666,4.439258908925852,3,22.094323737044903,0
2,51.38507962388442,5.948931949676404,2,24.319399108344186,0
1,57.64252198609023,5.073580113911536,2,24.68695574639893,0
12,50.107981648097,4.653949380206782,4,18.88324729558132,0
12,58.8192991038324,3.031580921991621,3,23.630017162838342,0
17,33.151278610322606,2.6560178221008823,4,15.29677551179543,0
10,42.520300101735096,3.0031553109288947,3,21.749061712744318,0
16,28.611996851906845,5.417493591830322,2,22.885129133342264,0
15,69.97008156842946,4.881381878590473,3,25.25547560349665,0
15,69.83992127684934,2.779573852688805,2,24.10379651990653,0
19,56.26616067532984,5.968876738690716,3,25.320570916673567,0
12,39.87381929086968,7.061464269768643,4,19.503098349367885,0
20,73.89878272218324,4.102259574925496,2,18.273034226649763,0
3,43.95585521868288,2.388527213947439,4,18.62550621057192,0
5,47.86792873094836,3.936310422647131,4,21.33141865224315,0
19,51.59533405730723,6.281690940192041,2,10.956264921788739,0
7,54.5151594201897,5.822794787802161,2,26.65878485197277,0
9,56.438026017043185,3.616350970982782,4,20.219366799144876,0
7,56.83961637474451,7.281758206647113,4,17.924992088324405,0
18,48.55475914646095,7.022420098889598,4,7.3514189469726965,0
4,56.68100951756713,3.9004909050850385,4,19.81593246910859,0
14,48.10792340504323,3.88506499555255,2,19.007617424621223,0
18,55.7930343687222,4.110758093930766,2,15.514767846773726,0
9,54.97291777830775,4.239000836917181,4,16.63476577436494,0
2,57.628472907981205,6.425807011892665,3,19.866816777774183,0
20,56.37966699020966,5.637993590714891,3,17.058817702061585,0
15,45.57567625088703,6.315618154025882,2,22.859390330891777,0
7,54.58710171559013,6.01034771478005,4,16.256082056779917,0
12,56.533997379148865,7.571790602290598,4,20.77304214760389,0
8,37.08875611051294,3.4109216842862895,2,25.90022684405585,0
15,47.25955642768971,5.570537795575874,3,19.81702068718724,0
3,56.081138912183334,1.7392681156479535,3,21.779885619798726,0
14,67.09292494729621,3.0245666388547123,3,21.463256937002992,0
17,58.24900186128734,4.887719921097729,2,20.03998449808633,0
4,67.72377986977595,5.627309919131804,3,19.664964290282448,0
18,46.01626609823052,4.847276386955645,2,17.14312889275044,0
8,52.50190492247643,4.149211371780982,2,20.755061452789096,0
4,58.05735299526118,4.415873183760444,4,18.583662455802664,0
2,26.73648286500223,7.054161464636156,3,27.730450841173536,0
6,65.10803218114526,4.4239517331797895,2,24.05571629554956,0
10,31.390901191453537,7.623862433065292,3,12.73602052055827,0
4,59.96940068278403,6.1910256103117005,3,13.014210008909613,0
18,56.86831790542646,5.686306019222346,4,19.347700654803173,0
12,26.604069974851136,3.2096046345185067,3,18.023472612801267,0
2,27.109387430670026,6.40285724209944,4,19.084030408890374,0
10,64.32481917452506,4.259344133377251,2,23.255807303261566,0
4,62.14722059686548,3.2083403629914504,3,21.578679494386783,0
14,41.19136355511739,5.7692654196190665,2,21.528146152290773,0
16,41.18121104955936,2.9180809091501905,3,27.230973327476967,0
15,55.12604972376221,3.856637806805627,2,13.055542229134604,0
8,49.872558495116316,4.984826132796633,3,20.519694170744497,0
14,60.543952158491145,8.327632136172092,3,17.10473726026373,0
8,54.79580924433087,3.9696263663112688,3,27.17717892919676,0
16,65.83030793956536,4.312675221049137,3,8.953241970883282,0
13,59.70077777913727,6.098517581632468,3,9.172592071434993,0
18,57.207730491405776,3.1425564674359308,3,21.523181481740252,0
15,46.47875279696326,5.664209571531373,3,25.631482796620734,0
13,45.74678765838155,6.808890211424882,3,23.86627160658525,0
9,49.48241015294699,4.539357672933348,3,15.995096033411457,0
15,68.40943069937208,6.539231422095298,2,27.5321086100079,0
13,45.93725270610216,5.4371748848177095,4,13.842656257028958,0
1,52.60528987074016,3.9039770542943293,3,26.537420947716726,0
7,27.551970922926905,4.703292971155241,4,14.503858748209282,0
9,56.758087300440806,4.430363990029637,3,18.24087913831389,0
1,72.57198281093139,4.868542613275284,3,23.196347689284586,0
12,40.663618907370754,5.2290768488297426,2,12.668960845519175,0
8,81.74442137126758,5.882299902457786,2,27.345116987703836,0
11,51.822406046566535,5.7630023743807035,4,18.210280842993427,0
19,24.27068758615656,1.352429643106778,2,20.686380678391448,0
17,46.144617600320885,4.85403771684196,2,25.811003945203762,0
8,63.30438563269083,2.735867129889856,4,16.03437327416425,0
3,69.99317206249805,4.5864091212990115,2,25.304068431276946,0
3,57.18098548251684,4.81431561828362,3,28.20266785446185,0
1,65.67594420878967,6.464222537127064,4,16.722105013352106,0
5,38.222144585076464,4.954826799349851,4,26.846938362981472,0
10,43.19738412806092,5.38882702751489,3,11.197107028791985,0
7,33.205407179982096,6.189584570986144,2,21.948001973972836,0
9,43.94936924008097,6.84162838972895,4,13.857007421480958,0
7,57.61918986435666,4.815479114964634,4,24.712842742680944,0
9,52.126557623830195,5.141269162520613,3,24.302280242111017,0
8,58.67849036663182,5.01503495336338,3,30.38689997795622,0
12,40.634859825032635,4.186101553353385,2,27.106414914762496,0
2,41.244749731881335,3.8463271648364152,4,19.171144011992727,0
1,52.046102095249125,1.592171125361097,2,14.591262563505797,0
16,43.973521946946846,3.3850085982135054,2,22.82843539834695,0
5,63.01849168160095,2.3320537501852945,3,19.696342948072534,0
3,43.72581115622523,6.882797726679878,4,27.75577522297852,0
12,45.04610757068753,5.282624012446142,4,9.168095782921108,0
8,54.18839413868487,4.811091540579749,4,30.940283796443136,0
3,46.10711808272507,3.9237722208783774,3,22.65995303805902,0
1,37.65055606462587,5.044668894851936,3,15.934939391398139,0
3,39.00644175167911,3.728030183516999,3,23.66994613709283,0
5,55.377659584069555,5.261027834930905,3,26.48710710644852,0
15,36.4128848543794,5.36860097438203,3,20.571734456518442,0
14,63.97164427548811,3.7079244464648844,4,11.175398079275785,0
3,43.0960071569825,3.679307052766391,2,18.53076481826447,0
1,56.16215816968061,6.443299031892677,4,25.19697526521069,0
5,43.69587375970366,4.920710068563049,2,22.483323671136873,0
14,40.847586200036346,3.828469356102664,3,19.217464845823137,0
7,52.46103682290182,4.444240547465721,2,26.541579154457178,0
9,60.517834670159004,3.4841088699400893,4,23.696529204161482,0
15,47.52632249139895,4.899224629007125,4,24.08169577969172,0
15,49.3452264624254,6.247442461496703,2,17.946826540095994,0
10,58.07417361082801,4.958493998608608,3,17.463081591269507,0
13,58.405272502515565,8.545450165513078,3,11.500201396584893,0
19,49.615082799802586,5.632039352073503,4,18.703041220313718,0
7,45.565201075147115,5.344931671763319,2,24.67696026899064,0
17,50.826559594450316,3.6375468035512917,3,18.979533514922064,0
20,48.09088508611657,4.642199829736,3,22.227694232645025,0
4,53.129741518168515,3.8314792354494616,4,25.5559967832664,0
5,38.057295731542474,1.7515321573938145,3,21.86416495899316,0
7,52.771815793587464,6.461393333193211,2,22.35257380880401,0
13,42.81696583829251,4.2328241666746536,4,13.210887689812228,0
15,59.05887611490503,3.859399888500041,4,18.387176079490114,0
11,43.275321506294844,5.315855050937698,2,28.633132532482975,0
4,43.44890232809068,5.768749328332276,4,20.518985905480466,0
13,54.453988244117404,4.518837750640582,3,29.483690909982876,0
7,50.142118888161974,4.996097498586472,3,16.384421846805264,0
19,72.76651626398838,6.119281110971604,2,21.169737260672697,0
2,33.70697389445748,4.459709608085078,3,18.086607812240658,0
10,51.098529469547444,5.453500612645001,2,22.959923425622765,0
13,61.2964948497237,2.511133072416275,2,24.475043340300605,0
6,44.216860770726996,3.1380215023583773,3,23.012330478504502,0
12,40.8944215526012,5.908309667120606,2,25.209260718740143,0
12,41.29135352353671,3.0596620412490525,3,19.934135057388367,0
20,33.88038820349915,5.351206320669944,4,19.04735816168161,0
11,63.49704627310695,4.779501826704391,4,11.209034963620141,0
7,46.703826581935914,4.4532991062196565,2,23.192254675822824,0
1,45.5197286019977,3.757305846548408,3,20.860920461200788,0
1,28.759019256698263,6.364010027158064,3,19.660426312187333,0
20,35.662914275381155,7.594836731779753,4,19.045912972728274,0
13,64.65389755519094,5.4502882439002915,4,19.815602193281048,0
9,53.031056661005785,5.483736073509226,3,18.818819342510416,0
3,61.665008299251056,3.976504055213759,2,17.359830807183478,0
7,60.399924398298296,3.2058541522634303,4,21.197944403620845,0
6,39.9937971942706,4.940391642790738,2,22.420795594664764,0
8,74.29847728653968,3.539375528062886,2,16.147160428069096,0
9,69.49732595601229,2.3410848075262676,4,17.996322154063044,0
5,44.362335578769645,6.205168718548373,2,18.97689124367566,0
1,14.317947006401177,6.278250182377749,2,20.024066536883925,0
19,46.43467910055924,3.7117418405703586,3,19.359072652071163,0
10,52.38296262121449,5.365946481918867,2,23.29860599828197,0
12,44.322809652243095,6.50292840168765,3,11.738164921480953,0
15,47.78477903315283,5.307540030592818,4,12.624814008299415,0
9,41.713419636622056,3.2102680308519,4,20.967846996267888,0
20,59.216347183538474,4.650659880144352,3,16.986570760861056,0
17,50.63633240368555,6.990214130062986,4,24.421211528869055,0
17,59.51514062942954,5.370539965407669,2,25.84900476294275,0
20,62.22203346207937,5.808698154774208,2,21.16873588211455,0
12,28.25676435913353,5.512443829053671,2,14.640125418629104,0
7,42.29477789165897,3.7167329630326202,4,25.272967581135298,0
2,43.75970706359456,4.068732171076036,2,20.994513310751636,0
3,75.71372359688783,5.508297735577614,4,12.565320137364413,0
17,51.490053669003245,6.225307670030612,2,13.007401759674078,0
5,58.12560596363064,6.649857426376824,3,27.584733948543224,0
17,31.193082307254887,3.71284168284771,4,26.75567956630615,0
17,51.43215452497522,5.649680802015791,4,7.4142842895187755,0
17,59.782929821162575,6.780566167578465,2,13.211045523710617,0
2,58.61965085060156,3.5193773445679666,4,25.704277478108274,0
2,56.23399438916351,7.230120703699661,4,19.90753705803476,0
5,50.130005064951256,7.458411241016285,3,23.509246427460464,0
1,50.61568620625451,8.93762950943249,3,19.690236269509516,0
1,33.067338252902104,5.346400161244992,2,23.272462450356016,0
19,40.99467114812856,5.354637014393673,3,20.029167733327167,0
2,52.30943956388164,6.2404915836759765,2,17.81195871621517,0
12,42.840241930737946,6.196704009574125,2,25.293719149574045,0
6,56.88838247032785,6.689550291493409,2,21.01027308012823,0
4,54.667825502648626,6.176049770697656,4,23.26194358121783,0
11,63.67370254721994,4.840907136442942,3,20.78723962480383,0
17,59.58253826152571,6.832995681460253,2,17.568215532250935,0
6,52.27261409134568,3.3931187754609113,3,28.041946556785962,0
5,57.47980434061916,5.008778505088064,2,21.77484127378833,0
20,60.05102162299656,7.3456034240746995,3,18.22475677813924,0
2,44.92562714092018,3.1246302528195207,3,26.39164735159358,0
6,46.70669001680198,3.9837865145042555,2,13.395881130605215,0
11,49.03173962606589,6.007620936615937,4,31.18141825397993,0
16,45.24469455835651,5.590867959854228,3,19.104251211682858,0
16,60.156869450634844,3.6874618885156325,4,13.659928963083118,0
1,43.72689458322696,4.375708995904789,4,29.529706742287825,0
9,62.51651471399825,3.228826906024491,2,17.684161934636045,0
6,46.330268011196175,6.4707274992808586,2,21.216222849278136,0
16,54.72396642839358,4.616177963494202,2,23.588453707197317,0
3,51.664151487628885,7.688233866140949,3,25.920862638300726,0
20,40.24020191708333,5.121650366060032,2,21.498872818607822,0
4,49.8011027050921,4.670389544895685,2,16.763422958349814,0
19,53.33643531450597,4.524767358062304,3,21.094962616669964,0
3,49.357073128895024,4.633700247211357,3,17.903422273341395,0
19,36.57293441493716,5.166231642700705,2,21.24505838182262,0
20,67.01429243526172,8.768611364867478,2,28.14074772878429,0
7,50.87699482861736,4.4917104948509605,2,23.77962595821897,0
20,42.05697424836478,4.540469808843036,2,21.033232190491695,0
9,66.20768023467275,5.098390768524768,4,23.6924541630317,0
1,56.17389809720325,6.635411759516391,4,24.050403259545927,0
8,37.99830003598391,2.8685231583908313,2,14.610629485156373,0
7,39.55505253600121,5.682639105364467,4,20.20861355607849,0
18,47.77605280112158,3.7738622359682568,3,32.812638296662584,0
8,52.97306978849822,5.829909033426423,4,26.06410492515933,0
1,56.227998314639215,4.259360086459315,4,17.482822204194,0
11,59.50178479528567,1.54384649036407,2,16.98396051941189,0
18,55.39572406400143,5.554366404031228,4,16.817371384121987,0
10,63.46745978640996,5.541717155520303,4,24.331599751310286,0
3,51.2679315968047,4.131379537280855,4,28.038204605581086,0
7,42.403606195217776,4.0424842097854965,4,22.91083522240029,0
16,49.966491303410265,3.032940912368521,3,20.78581174934409,0
16,49.31019339654208,6.159649912308307,2,17.779223211836143,0
20,24.21784570337508,6.323323673700212,2,21.646865727917636,0
17,44.386331409043414,3.681423672236165,3,15.899391399518953,0
2,53.14203732950451,4.190098310691724,4,10.321172263943808,0
1,45.75784434788214,4.905066318291555,3,28.184128450562245,0
16,43.53790638177001,8.40629792155332,4,14.970936648189454,0
12,59.113761958045636,5.8176826213833985,3,18.375838131653403,0
5,40.834541752245606,3.584876727487431,2,23.281787253146454,0
5,57.11622650470823,5.455670464235758,2,27.172334346730267,0
9,36.67255529211715,2.9349626890428775,2,21.285653262093106,0
9,77.60761935726184,6.076985464874256,4,14.031445061695859,0
3,47.843144730987426,7.513321090316728,4,18.493267751542245,0
19,46.76734710703944,7.519687527625937,3,16.607572974874603,0
16,61.430659028899186,6.102340255211508,3,19.808944862643393,0
16,45.81295159193551,4.124881466197806,2,26.15992235634818,0
3,64.54927808325667,3.048647365228811,4,7.313057019650579,0
20,53.71593830486526,2.899692434946336,3,17.943050849862544,0
1,48.81602099453771,0.7906743357521853,4,17.57975181806491,0
20,47.74994096629624,6.040783644511882,4,13.716193275521801,0
11,62.075921704302615,4.845746719663401,2,22.92745371874808,0
17,52.30487214603503,6.363824249679691,2,12.92512064061976,0
8,54.3230873119077,7.142047227852181,4,13.500528603518376,0
4,55.41001872603629,5.149858315853614,4,24.25534607010307,0
6,51.32936185222691,5.218942414569725,4,27.502856844813344,0
8,55.19872226349983,4.3035194832538,4,19.619516156940204,0
20,48.81676577319009,4.480873374241388,2,13.91301940505367,0
3,49.501913681734244,6.092704868709401,3,16.47222954110875,0
16,38.808850719732916,4.7384374544520345,2,25.040009736225226,0
3,52.977602509183974,4.521488499870764,3,20.582191203316967,0
18,32.804589932877796,4.972524710835724,4,19.494806115590386,0
14,52.83558070610913,6.329495294092384,3,21.56524854956573,0
18,47.193839838351856,3.961007663254846,2,19.811700282372797,0
2,53.74585109450978,4.900207223671951,2,27.728561488296087,0
3,39.511716659183236,5.367916756667645,4,16.254283676531994,0
16,28.80642631961358,6.740332855377859,2,15.680204415823933,0
9,46.491346930264605,4.6410548348008716,4,13.082732409656721,0
4,39.54087331142902,3.923264920922417,2,17.30006182137155,0
1,32.19443316789518,4.2734585835914665,2,14.540122626669227,0
4,57.6798326969457,6.5795861495230685,4,21.090377543263617,0
1,66.0123822714204,8.049957947905197,3,20.104736827625718,0
14,42.0304856422545,3.029363279470951,2,14.604622499660119,0
16,49.242291727785464,3.3570475773952144,3,22.945696795139863,0
20,46.92214383320188,4.7468048199467825,2,27.58406433564937,0
8,43.41101578023797,5.166434144102065,2,21.78919174335512,0
7,56.63737213888021,6.180454348332493,2,7.282509085222632,0
3,60.101414604286184,3.6633004870977706,2,29.935654853350528,0
17,41.313928107343955,3.405336445025804,3,23.734617345355296,0
1,50.447668670949035,5.207130729700445,3,29.782091265942256,0
16,62.84533033933894,4.612398919689247,2,25.45361793074917,0
12,56.890362032149724,6.390081496657287,2,26.452577094352794,0
19,58.37697438400488,5.731039704785576,3,21.026334468005423,0
14,63.679853074424145,5.833069021449829,4,18.688519939050835,0
6,63.5484517237325,4.8432779804347,4,21.867405938660802,0
6,60.28642630303066,8.533370387852308,3,16.4560745987673,0
13,51.44937414781181,3.74337802760936,2,22.16940425450116,0
19,46.17516982541908,5.916214750632163,2,6.866068713246447,0
8,51.034777653131854,3.095465019390339,4,20.214661226072064,0
2,44.65593313976632,3.3897984833908215,4,26.723380600510666,0
1,30.475131269893176,4.088981601851818,3,20.471542894644827,0
15,47.2050093419996,7.443985004927039,4,28.63741369015494,0
1,53.5752624383722,5.3958416456810285,3,18.681273060756975,0
5,44.127305822338215,4.114282897183437,4,25.01325456493914,0
16,48.07220212761392,5.561654488931859,4,15.60864963163317,0
19,48.45963284033268,5.052721822136763,4,24.809783097776894,0
4,63.56856774218889,4.2620399462913205,2,21.162974541139082,0
3,46.40562725975098,2.9050567163176586,2,18.901247520786356,0
17,63.56633382183454,7.157813726768435,2,7.1305894246779005,0
17,22.875095081520264,5.314727193065063,4,18.72811612097225,0
12,63.478557813290365,8.260607560202358,3,21.06726509639905,0
14,62.97406114862624,6.41048243081132,3,24.143547176099588,0
6,59.022546733891915,5.8269795871415635,3,27.804748995495338,0
3,29.880819967962285,4.347193507074549,3,30.175163506829556,0
9,60.188869952224806,3.356981654214625,2,26.231336715614923,0
5,49.498808243247495,4.673403523267329,2,17.189548373479028,0
17,24.706625600753398,3.3135611086912538,4,18.475979552411303,0
14,62.981777078346965,5.975285571096132,4,23.694577355218417,0
3,64.44173078548968,7.448978746545696,3,22.598072299239007,0
1,30.954879281348287,4.608631600824305,2,28.14172979695681,0
20,51.75421075300113,6.416736458586795,3,32.39694709354956,0
1,63.885911214441826,3.966156394674715,4,31.335900975491114,0
3,62.30161313457146,4.546299742688974,4,27.469690998991723,0
18,58.36061051159523,3.7775540231518354,3,22.639513244714486,0
10,23.527471201024916,1.8003004473942346,4,26.746625314729222,0
3,57.29542766635814,4.945199975122084,3,28.307205068641977,0
8,47.81896101626057,5.192677606396629,2,19.26349801372491,0
14,59.95857528718494,6.598791498142456,3,17.336695137456203,0
18,52.561614584338244,6.193157379003932,2,16.162894999641626,0
15,49.80118389711135,6.213429348558493,2,15.618076332773484,0
2,56.409038494092364,3.5389456653231846,4,13.090023387034046,0
10,48.28086628928242,5.689245959106038,4,21.249508545588636,0
2,49.75722720108058,7.373890948222388,4,15.001235994559341,0
17,44.44776000871238,5.569801776063622,3,16.08238907932309,0
8,33.94591008815438,7.7428904195974955,3,23.506277795883634,0
1,55.67853473771272,8.028449166679795,4,20.908045331267548,0
9,41.939696803294304,4.597297594562532,3,22.148124703168374,0
11,47.99208133959266,3.9545903823791426,4,26.825743809460405,0
16,52.86973958453933,3.857806751871575,3,24.322649542703978,0
7,29.14782356434561,2.72579626984517,2,27.594432907263315,0
10,31.386510963231768,4.2223956508767175,2,20.399882473890354,0
3,47.00261423390797,6.8114981746343695,4,28.05895295656198,0
18,54.545634822996554,1.69394363712314,3,21.7986838217873,0
13,57.44038270649161,3.4438198989293802,3,20.843531305476013,0
7,34.08685504124093,4.8093028375220035,2,27.307631031382517,0
4,56.36631484412815,3.6842221990674497,2,15.639231604033526,0
13,47.549303816836634,4.209071083639669,4,30.118002837712375,0
20,41.16842754903523,4.231505488366545,2,18.58949989981357,0
1,43.514481439406296,4.613689669907377,4,13.90946014225339,0
8,58.018573320401664,3.905817955835392,2,23.26750976027931,0
14,52.74005785085571,3.7831801792166777,2,18.113392449408696,0
16,50.50306522755321,6.401464618881847,3,30.129035459556253,0
14,52.434957388079,6.574481266790517,2,17.835495906074264,0
12,59.28097776616194,2.929184982128886,2,21.57224458675981,0
19,49.02900432596677,0.8606039010906743,4,12.872033422609483,0
15,50.543188864542365,6.595062274356397,2,24.064571224487356,0
2,61.38170740137805,3.1567993721717937,4,16.11304962070548,0
2,46.684133757368414,5.3191172576896095,2,23.466623451663004,0
19,56.18140595280681,2.651492190457674,2,17.85827380147069,0
17,44.962955193268584,6.946632477889508,4,9.765326566386001,0
20,45.84132658588215,8.81550184295229,3,20.655950451719416,0
10,48.95950243200363,5.274210363808005,4,20.432142585392175,0
6,55.15272852986766,4.858846027310725,4,24.405357868113065,0
15,61.94181962551069,4.516790637214904,4,27.78000285919602,0
11,50.96545263538775,6.172698966969367,3,29.56204704958399,0
5,35.00163088676456,5.851530126401879,2,24.32077106735443,0
1,56.31446293533938,6.505247680329297,4,21.393095960329592,0
8,74.53842174145709,4.0581252161028765,4,12.863332052422674,0
12,51.0866883106735,5.510176559606967,3,21.010104684950036,0
12,32.912323608204204,4.186297899940706,4,21.074700849694665,0
5,51.696528894708514,3.4134265278949187,2,19.00679870171986,0
7,49.96987396816161,4.938476868494805,3,23.164838253004042,0
4,49.128911566376104,3.616230904434377,2,25.60952855491067,0
6,59.454098999771325,6.760590496613883,2,15.907980347356581,0
13,63.782747863357244,3.7071194329762656,3,15.830078229002664,0
20,56.83585745201083,5.54531891103104,4,19.303539941116853,0
15,48.66941915328932,4.094866551860417,2,16.923854046460384,0
3,61.256787843696294,5.415594125656268,2,11.793733988200685,0
8,35.06170358785759,4.214005139816965,2,15.017036318385241,0
20,42.839438792660054,3.114183087713694,2,13.838394264812797,0
16,43.9537222139827,5.725659111427768,3,26.042252540090765,0
13,49.690493520680654,4.6468765671301675,3,28.51413503004639,0
18,55.06734662486838,5.4289774110836895,2,14.522832713527066,0
10,47.992870516627164,4.356735596554343,4,22.730367565685555,0
19,40.939642054977256,3.008095229347322,2,24.367582122348754,0
17,59.7485028469613,6.624767895584385,4,12.538656066700682,0
19,47.64543277795306,6.105136633161632,2,20.804894735894997,0
5,51.021289208710336,4.149558536670134,4,32.66758082673263,0
9,55.510677454759076,5.104668820248197,2,23.385734331788154,0
12,50.388776079229466,6.5630292247444055,4,18.773497293337346,0
1,50.432716947442906,4.3144424962064045,2,17.199067373908953,0
1,60.3047342043583,4.547173242214172,2,9.887692076395528,0
15,51.513694745703766,5.36544875001106,4,22.35236828058366,0
2,58.62796985790489,4.311363404668121,3,29.739083936271577,0
16,55.446674443183895,6.285637995480534,4,15.932281228010396,0
8,70.16887544186916,4.746648829538843,3,10.322076602414693,0
13,54.094134178691306,3.823946187509039,2,16.678879093233878,0
1,56.37973270150773,5.912958244810992,4,24.40799872989104,0
16,61.01656713996367,3.28680402585298,4,17.857499975889574,0
7,50.6361775995017,8.02231784168632,4,15.89765953543456,0
5,43.62146903270559,7.373744545370304,3,20.095774575289294,0
3,45.258544188765434,5.770243215381523,3,21.148503735839274,0
12,45.35493074497512,5.643996532729853,2,13.058049296141528,0
16,40.49669031803282,5.573662126728948,3,18.913581515315883,0
19,53.17805169201884,4.266357821121639,3,17.51366193038831,0
5,43.70483451950916,5.445964468521264,2,16.795478253759587,0
14,51.948528212018466,3.6153010843132276,4,14.91481665304276,0
5,48.41325556289364,5.755727627660272,4,24.706289273973987,0
15,49.58378506707485,6.301770414546943,2,16.77806535600986,0
17,55.560566478288564,4.432870848524998,4,10.025273570933575,0
14,44.58100875611452,4.10734730876792,3,21.321489109877167,0
20,56.38891045936773,3.1812844630281356,2,23.625997363365922,0
5,65.67307866638953,7.186932850348536,2,16.01991967392061,0
12,53.431090829517586,4.226503949236683,2,17.20168655108017,0
16,42.179043147275316,4.701891445975066,4,16.754731397858137,0
16,43.849819886602035,5.450233377493588,2,18.266733192849447,0
7,47.51737099214884,5.423311464334902,2,25.534250910949112,0
4,44.051097029304344,6.119840143521605,2,19.429704138138217,0
1,40.0881969038995,4.4310051202425065,4,24.197967728336025,0
5,51.54407276961692,3.2919980922936305,3,15.155841842266236,0
10,47.78802668274201,3.029502036541526,2,18.08154790209508,0
5,51.89720883558058,4.13111715073573,3,24.770069079236535,0
4,61.86387412215288,3.572224287988064,4,15.971973007868703,0
2,47.636471660756406,4.544574942038363,4,25.060682304542652,0
20,38.145799953196885,6.961368216139974,4,16.85807954502431,0
10,46.01107507746449,4.434082691174467,4,18.391687424707904,0
19,57.704252171166424,4.433523707998165,3,28.350812936744624,0
1,56.76770270716955,4.975401835616317,2,17.820905114168845,0
5,55.18639647613567,4.391562513181901,4,20.726729013753175,0
13,43.75293276837897,4.898913146422709,4,23.08218211260868,0
4,57.51902618032698,5.81130383372202,3,21.132543248360058,0
16,59.76899078037066,6.327126582144971,3,21.275266744447883,0
16,43.04578370110024,6.504819799608535,4,19.717301280091327,0
2,49.584299024574754,8.085278331096529,2,13.488803954918385,0
17,70.20401963682112,5.854039169258657,2,21.741446650498794,0
20,42.60125723536613,8.351718352023964,4,16.337657714941727,0
12,32.949133307562754,3.8352772879105355,3,23.878836087015884,0
18,63.82904434464798,8.136927353636878,4,26.860307119748427,0
3,61.3660477170456,4.429435918670615,4,10.972213692914924,0
1,45.430326764225754,4.576971603855447,3,26.869039137135523,0
1,48.870082181319134,4.82019117886569,4,17.94471104066478,0
19,37.75064949811048,4.672068933261904,4,19.345253889077636,0
11,50.88952272609702,5.128760595089755,4,15.438062737438052,0
5,61.659137153714006,4.129957996267341,3,20.942338645331382,0
12,44.57395158241722,6.244943259607058,2,20.334074415887027,0
3,58.771019787862926,4.17074744806823,2,25.384614126464253,0
1,54.63723857390432,5.983415597379337,3,16.293033616848714,0
1,55.778168908811395,7.291585429285647,2,28.304012009689544,0
8,45.15690819413632,4.46434644528839,4,23.323570431544447,0
10,46.453758170665054,6.191575126968766,2,20.454844883877044,0
11,31.532275655285986,5.838738933354777,4,19.096078180522547,0
12,44.33330587489894,8.379330323329626,2,18.46715276433075,0
13,61.63485458031259,4.242754152732575,3,18.793281127967475,0
12,40.70667805897726,6.192607425208676,2,20.842009784677366,0
14,42.19698346143095,2.56098336233517,2,18.955000196531337,0
2,56.40189823707124,4.2562123838947805,2,16.797352717462562,0
19,54.02768291993094,5.530089256395362,3,20.87229647418351,0
18,56.89863249796301,7.0897399536346715,2,15.818559406373062,0
3,38.36779459909596,3.1610999525236956,3,21.612334505008736,0
17,75.64057949300346,6.179135961111665,4,18.884664822596292,0
8,37.8424662583275,4.905164815275562,2,23.48365454615922,0
10,51.54247313734068,2.717708519911531,3,24.945371053477384,0
2,48.413445041314134,5.272380268923185,3,24.943402801723693,0
19,38.13358482634953,7.563741849467318,2,21.59052528026313,0
9,46.297905771867505,3.3193660101325744,4,22.174156103834225,0
7,50.233076008858696,4.8350934269447245,3,18.38624486940782,0
4,43.5002678813653,3.5200415230406508,2,23.388198442416737,0
18,59.372236215348494,4.297125602134976,4,23.952506803308616,0
13,48.38374254537529,7.14825521528695,3,12.16335423237736,0
11,36.587253289817134,4.592713286762926,3,21.89173597803632,0
4,35.73874467330703,7.10234860627299,4,26.840649038544335,0
4,56.061650906114565,6.663581071897379,4,18.21854852697608,0
10,35.132292172996635,4.455893129773328,2,17.127265119330602,0
5,53.16426073049084,4.246100809090652,2,17.900682694568403,0
9,54.44655185666959,3.656001789778247,3,12.475620035854366,0
3,40.04644636075983,3.6036782087098937,4,20.629919772244552,0
17,58.9073808377489,5.529811091761765,4,20.149827200486257,0
3,32.82206376238368,4.970322027177551,4,20.985134164386505,0
16,52.96458933998559,4.06459184760619,3,22.07988310608901,0
4,49.591420664039916,2.676855616815082,4,16.01003298909262,0
18,48.81002024269106,5.159268151733317,4,21.365995995110218,0
17,38.22103357019427,4.295671731408,3,22.21599329957865,0
7,40.629779956000746,4.707053456626859,2,17.558041345914837,0
5,66.18802025020598,5.456992743047122,2,22.100589991259863,0
12,62.15155008871754,1.2472957079182052,3,20.403533131933706,0
17,57.42084588523799,2.700088094436313,4,16.8440511527831,0
13,59.398481035296875,8.444664615207783,3,21.413943482418382,0
3,58.460135446712684,4.240084239950574,2,18.5464462832339,0
9,46.76643787713791,1.2238503464037063,2,23.485326370071935,0
17,50.47603551814351,2.825089730725621,3,18.80416809965481,0
17,35.27491621958991,8.72670105296215,3,13.5511720911747,0
20,49.103043731924735,3.94550380959524,2,21.334934927638255,0
16,61.834142495391866,6.7385228673457345,3,21.147016239157175,0
13,43.392927517428646,5.181676997505808,2,14.594314436011693,0
19,60.231412046872265,4.272549443751544,3,23.752680577176527,0
17,50.91585738693763,6.163168206144639,3,23.491104180677397,0
4,36.146281343302675,1.423464986965568,3,15.650099037625457,0
12,38.926804866536884,2.838301070215096,2,16.70186849470044,0
9,59.19302869707755,4.2614734817906585,3,19.289961934852364,0
19,55.52524085258385,2.9856434025955876,2,16.20573934481181,0
12,51.017640729876256,4.128833317244043,2,23.20198592455839,0
9,47.25968185752055,6.280569568524242,3,20.74485974663605,0
7,52.105679776285854,5.198205082003971,3,14.532214270558821,0
14,58.80296249253249,6.995925553264383,2,15.88764543575355,0
20,64.75853280487284,5.293062926527616,2,25.938595885832008,0
19,65.23684199440605,6.48869124724179,4,27.677811889577075,0
15,53.71959900758498,4.903894549807253,2,22.693644880262543,0
16,48.28068309635479,4.114586774960326,4,18.943623724248432,0
5,51.462480078188555,7.220852083312833,4,17.800185437967116,0
3,55.2212035725508,3.9359745680959,4,22.748497091555024,0
12,55.18066943845091,5.515767234686449,3,20.379602671297434,0
20,63.07986637140105,6.153346044836709,3,11.949642762928116,0
4,71.15755721916655,6.262239056706285,2,25.159339912674152,0
16,47.94745370385914,3.2518359946699706,4,26.729016336814347,0
7,71.55884908824461,6.577925608742399,3,23.68626266471599,0
13,61.72239246758394,3.531567130839095,3,14.54194402685896,0
10,48.991770098147924,6.216055483024991,3,16.8158677513833,0
7,64.9856483886508,5.802760206573648,3,10.711400693211443,0
14,66.85648301419165,6.227945992669848,3,27.98024245697778,0
5,45.397045558061535,3.1924947183514587,4,18.21630718370486,0
3,67.32215252485648,5.881894614101587,4,31.66644660824891,0
11,60.75082821035963,6.628390514612258,4,29.77615015453889,0
11,73.68559127979192,5.290093674742611,4,15.482867918155282,0
18,45.75961418000501,3.7720749805931346,2,16.458661302984932,0
15,46.46573256264004,6.3796214214919855,4,22.330951711735597,0
12,29.7333787025666,5.170879442151155,3,11.227289480668649,0
9,55.71193920567962,2.488333604258456,4,17.80870441310719,0
10,53.752512556187185,3.6557158065250093,2,17.309204993966357,0
12,44.37006328464334,4.21055820315954,3,29.25582970973354,0
17,49.18149268511942,7.2587274314594845,4,20.80508942752228,0
6,36.88778989824885,6.995274629459321,4,18.57616511231402,0
7,61.98444952831686,6.990452796585014,4,16.842576336573494,0
14,45.1030052547169,5.3485404165257995,3,24.47024798662397,0
13,80.9404901562095,6.370392187668799,3,17.51644588034796,0
8,48.243986992889674,3.288830886971164,2,19.7485851281875,0
10,42.4038115895169,5.010204647589156,3,16.804382387640178,0
9,45.87686881265138,5.677449052474395,3,12.412314339923029,0
18,35.88039023455749,3.38765141403632,4,15.01982436148668,0
2,54.822718907029426,5.314868134462805,3,17.49014146317653,0
5,45.80100300220878,7.529958778706517,4,18.683725848681853,0
5,61.31252790397738,5.83815467684094,4,18.902880370382466,0
6,47.252525048255826,6.376317809996181,3,19.55540149740619,0
19,63.844421116856466,1.321389614851606,2,17.556561849244954,0
8,57.57455749317041,7.336953273729386,2,26.74563174084203,0
16,50.28596776718344,4.720816478371746,3,24.73992059928491,0
13,65.80232587350821,3.8469705288949365,2,19.32445366404581,0
1,59.5229346103721,4.738043222285105,4,21.27129139870498,0
20,79.46212826663225,2.772466762578653,4,18.139558792735226,0
17,45.90544755021796,6.571913092628214,3,5.782573539741122,0
7,50.76616105458461,4.496906415839311,2,20.102465064630124,0
13,65.6870901101093,3.892053781960896,2,21.52807180625608,0
4,34.564621881648876,4.747917401467452,4,11.936691209798862,0
4,63.16943563232562,6.677023481864212,3,22.497055345973013,0
6,54.39302757681471,5.197187601171831,2,18.597116610275954,0
19,41.117892445527524,2.8854593456997994,3,21.68966860317331,0
12,36.369603414488786,5.697471244611624,2,18.748006763149572,0
7,43.27510526869716,3.6065300685160624,4,26.254772371134244,0
10,27.15180427674428,1.7658484529377754,4,21.131144102920434,0
19,45.10460556308496,7.2440108190757675,3,25.012082293360038,0
7,56.22556333342582,5.685844812241534,4,25.423630710874725,0
3,45.23699359031172,4.882594004294877,2,14.402221369557946,0
13,63.88312701433808,4.481585727954952,4,16.304915649894262,0
13,66.59947602725288,7.095619251099974,3,22.25805341363128,0
18,62.75644482625774,9.630732725297609,3,18.17231358120914,0
20,52.30640910264365,5.673170777849775,3,18.80696615371852,0
8,26.75320727513531,3.4555479765081856,2,26.432824110853048,0
9,42.96302507967394,4.768301721698036,2,18.44816810903965,0
7,48.57961473225613,5.645859008141073,2,15.155353258757088,0
1,41.06132350495189,1.475707539512202,2,15.830999991822026,0
3,48.60494524513429,5.501748802667176,2,30.911782505963505,0
13,66.1006746869338,5.654637694239618,4,19.108902598073815,0
17,33.54223470484682,6.989513296980831,2,13.178761223910449,0
1,68.11692056119027,6.833184953559581,2,11.152707023417028,0
6,58.84726421754137,5.166758240434304,4,16.876816786629433,0
6,52.682168082776954,7.271955359870537,2,19.01738940286308,0
12,42.86383444259236,8.053517478558135,3,24.745868532138363,0
13,41.26049654508574,5.04192718286669,2,24.261725832308834,0
13,33.7378228541126,5.627280617701624,2,19.968267894635826,0
15,67.16765480314388,2.3490539703341358,3,17.729157069202056,0
16,65.37611560074042,2.823540106338368,3,21.69800926710845,0
11,35.93715371416718,3.742705528985722,3,11.25626961931806,0
5,44.473720050937985,4.33457254322442,3,29.905404469646086,0
4,54.33144769231909,3.355815462892897,2,23.270527979283056,0
3,47.00490861827792,4.946006882034137,3,24.334951098641362,0
19,30.813252429681825,4.379436248488072,3,14.629233090616946,0
20,43.42227239444312,6.606342847009423,4,26.41324320648298,0
18,69.51034298020019,4.287839531774438,3,17.699914194868523,0
15,44.10021409585556,1.5699230776767585,3,15.237209385907184,0
9,48.36532663297793,5.18862675880313,4,19.804138146968903,0
17,38.54822575964619,4.978702963382991,4,19.68722457005813,0
14,55.87762985283748,3.7069251778932593,2,14.607314637440016,0
15,51.151517990245836,5.142499825245555,4,15.525313232293174,0
1,42.57980258443021,3.3871031176604975,2,15.13384112335975,0
3,36.95344604192575,5.494759930435014,4,15.181424660715876,0
16,64.04543374010876,8.949386655394777,4,18.059510464501997,0
11,33.944565933589196,2.2915917906398504,2,13.05507431913771,0
12,55.03815695589555,4.22563686948626,4,16.543127512930322,0
10,28.461207552884268,3.9852423178262963,2,25.225672741921343,0
16,57.072116830123825,4.350110174768685,4,24.116547260520917,0
8,59.702988872600606,6.529886869395462,3,14.750603795536227,0
6,60.947837116399135,5.814239838978537,4,24.791024586471167,0
12,48.38791531430132,6.273149753909635,2,10.167803654319755,0
8,65.84003605563696,5.045743257130397,4,32.14572161006077,0
4,73.07791694996068,3.0168510200827137,2,26.50156596067796,0
8,46.78376863954037,3.3279719581100307,2,17.201340439299464,0
18,45.48994969870073,6.119389561199888,3,21.91213280867555,0
5,51.491772603449355,5.256247847619946,3,12.995403359454354,0
9,45.223198541057926,6.890311109118258,2,20.302213949629067,0
4,43.76129803989879,5.439893154870195,4,19.081684837487664,0
17,44.632614597584904,3.2254775100018125,2,15.826183053038022,0
9,67.15756008006245,4.2171472787252675,2,17.657212568370703,0
1,57.718819950354316,5.847221224524395,4,17.165062620952863,0
20,45.19053872741909,6.065498744357939,4,14.341316403411824,0
13,25.448749742777142,6.282662948232032,4,15.709263770516685,0
16,34.55535506393532,3.4272138301922106,4,12.790777870001438,0
13,55.034290826018776,3.1984547508846126,2,24.28665382780309,0
14,28.784440586111828,4.715296220378869,2,15.339436267718655,0
3,52.92993527451956,7.160110274800182,3,13.889895642149229,0
6,39.34436275134974,3.959197518787973,2,24.207523399079985,0
18,50.918057745806735,5.6824578359014595,4,21.84810177169665,0
19,50.638563013341425,5.682591708408448,3,24.022505279744795,0
5,51.20589933890711,6.14115912450592,4,24.580416120983273,0
15,46.05578152921479,7.496660380922315,2,29.687274484692118,0
2,45.727143743922674,7.342859637149159,3,19.21980116653408,0
10,42.792095810635615,4.108091249240742,4,12.711961605022463,0
18,54.8389231724189,1.8531568380369894,3,21.355189003810626,0
13,58.05192674780948,3.982205996952886,3,16.654976885600913,0
5,37.810274774638735,5.113508441070853,2,15.212473583422296,0
1,49.48371527707731,4.457532083471515,4,20.499625861086205,0
1,51.96582073487738,7.951848414392202,3,24.328763665047948,0
18,51.83771134623042,5.028170456474674,3,15.820025792018583,0
15,51.66769619596518,5.980567820384291,4,26.371940436658594,0
17,45.97965189654776,5.325821464471015,3,15.05193020498592,0
11,52.79030425462539,4.480050224763767,3,18.780483893372683,0
17,56.1802871098362,2.1127824830560002,3,21.93153940890434,0
13,51.41036655822564,4.882073542187772,4,18.06050395657971,0
1,55.05939836533724,9.88197093973119,4,11.119988305307317,0
2,59.90353411037507,3.1333124002432493,4,24.637037458944025,0
9,31.49059642104732,2.2776904334386634,4,16.882678298219865,0
3,59.43463841865368,7.904583953853365,2,23.724492246968463,0
1,53.424277652212744,6.1131244548040025,3,13.679279324861689,0
16,38.883746722612734,5.2811298207851545,4,14.532817089517941,0
6,58.02470882319689,7.044010793550587,3,24.312167047776786,0
17,46.016790939760384,3.752747085565855,3,21.70254046371012,0
5,47.38033563681447,4.840107858628023,2,17.807071446576618,0
5,44.92320217534338,6.432731175351234,4,21.775157990854186,0
6,53.02398844238225,8.165531551730593,4,15.22980432227821,0
3,42.14646857487947,3.2471835280150874,3,20.551295587444546,0
5,59.01474629947786,6.921101687840592,4,20.642769616950325,0
5,48.611374128053285,5.572758591261476,3,18.131091974044857,0
10,46.35797516512063,5.2445916011441245,3,15.823571472046208,0
10,57.5287567761397,4.988406166617893,2,20.35124289107397,0
19,46.804432376809196,2.923030068958095,2,19.72509428349551,0
17,59.48176825362301,6.444633497319549,2,17.670889605401953,0
14,59.795929508408655,3.826596469510508,3,14.83092764909625,0
9,36.65196161781023,3.3804639462464796,4,20.062385246677337,0
14,61.09260202222924,6.328188438350507,2,17.683388175816972,0
1,35.37964028498114,6.183701037720018,4,14.826711897815333,0
19,61.71580526882511,5.118500125416594,2,20.217649053790556,0
13,70.28357192230239,6.619315431217462,2,28.04152736027693,0
13,58.748344382691315,7.1389048722186725,3,18.16586167046461,0
4,28.43019355300327,6.96233611673831,2,27.488882706210113,0
1,60.63565719386018,4.20758153989703,2,30.571658573650478,0
17,72.46128965936012,6.521157396919568,3,15.232905488111625,0
8,46.969683590019706,5.317461466262973,4,20.04522104099482,0
2,49.6529667997011,7.588861655528562,2,30.518659589081548,0
8,38.11513278073568,4.814407495599241,3,19.39460019295478,0
7,53.12079418819669,4.465292543947504,2,20.184060728827,0
2,62.69177182543129,4.0793046847356855,3,11.649972628125541,0
3,56.97737128149454,5.283931841353333,4,17.34169049840166,0
18,81.419669772878,5.700088201388156,4,22.777943423344684,0
12,50.33027042965797,5.7289434243909065,3,32.14641321475625,0
1,33.69326632584736,5.523758810467785,3,19.019965832641546,0
12,51.709709715682195,6.0065555190197095,3,11.686868388743225,0
5,25.835482347875104,4.666187246128403,4,12.973754046133456,0
17,44.66896075135487,3.691227026612193,2,19.821051570308516,0
16,66.24382058600212,3.560258004629528,4,25.886033990261247,0
15,53.25133648631771,6.462576642955202,3,23.186768414376978,0
15,51.79416812831269,5.705483465792435,3,22.30127931755063,0
5,68.20780376715356,2.216243343574514,4,26.54572193458798,0
14,47.2940010833663,6.64513014019991,3,16.398854562405244,0
2,62.61820412934109,7.820652719603983,4,20.095473599787827,0
11,51.2930697516634,3.926124723862201,3,17.398089398988024,0
19,53.80047463459026,5.504240069414061,2,18.642721322739632,0
7,37.82695144136987,4.289812859551461,2,14.968653228372574,0
6,45.17953205171783,5.94246038820675,3,18.28011964283102,0
2,36.024817671561266,3.2509866663871625,4,19.861422168773004,0
6,49.04754921774655,4.892831514351829,2,18.142642500692247,0
18,53.90402343916267,6.471971191998172,4,19.19469248493099,0
2,38.89961894908548,6.85356760894826,3,22.02520271718593,0
18,70.49178922684823,5.639743728379533,4,26.193478845321998,0
15,52.78106019091961,4.491432045185391,2,26.55577934056299,0
19,50.577955855852196,2.6110983734845874,4,23.807108836984963,0
2,57.696577513456255,3.8636754331410774,4,13.70009260780842,0
20,41.71071919134078,4.29608989286783,3,18.197950072150732,0
6,51.63477479167453,3.953399325047579,3,18.628574846436994,0
1,42.83133779642409,5.089329452470423,3,16.714250846057176,0
15,65.58679910088983,4.487168395743073,2,21.711755895148034,0
10,39.41360650602918,5.258182058503165,2,12.028357533592711,0
19,50.63165459307174,6.803940951571495,3,28.46783234764146,0
17,53.293157851517755,4.390306668155958,3,25.976103357608572,0
5,53.948257444077015,2.925699534118663,2,22.391011309508787,0
4,44.187648269171675,3.9474386028126878,2,19.689453350399077,0
10,41.044905978549025,5.875382704959907,2,26.14419647536277,0
17,44.33204826953901,6.01691567742901,2,23.447024683901336,0
10,55.28325434210282,5.609127795524351,3,25.533188921090463,0
17,48.56154229088036,6.951105958832024,2,19.7047395887008,0
20,57.96208808452521,4.720455395184522,3,28.946565429320835,0
5,54.770037193950735,8.078249222013987,4,25.834439378449282,0
2,27.230873019003923,6.2272807041588605,4,22.54768147717966,0
6,52.47497796837211,1.214768794688184,2,26.279864602155776,0
2,72.50454767816271,7.70098794494535,4,17.90419029083014,0
13,63.25269051038331,3.849520084796417,4,14.162498203264867,0
11,54.22013160706969,3.448848215814604,4,21.607752565237377,0
11,39.406078695300565,5.78565666474934,2,19.714547770932654,0
16,54.77553716125646,2.3927292914951845,2,19.011413288611855,0
11,57.39749939878259,3.95679615301758,4,26.081560196747017,0
19,47.46253319172416,7.335647810936311,3,20.835696066053153,0
15,53.16742058804437,5.834326368496254,4,21.31784536767742,0
16,65.0966245839604,6.218359671408829,2,18.36473720622952,0
11,41.42725580258274,4.014634099253789,2,24.40561569639763,0
16,39.41700395040873,2.692445001547845,2,23.5093789065396,0
8,56.92699325994213,6.060226143970601,4,24.368298384471466,0
4,54.5754263619808,6.3953842343629255,3,17.513680166819107,0
8,60.28838295412812,6.327490079121665,2,26.520442300234976,0
4,55.697938119037694,5.313603845176798,2,29.193842118831867,0
3,44.32244936825806,3.5493976347918936,4,24.210191986623528,0
3,54.32192651465405,8.656654382089595,3,15.953558563778547,0
18,38.57873456703827,5.719681164476263,4,15.988988578818994,0
19,47.49681288267006,4.739170037616248,2,18.12311522203456,0
19,55.02799230966404,4.7458261437749485,3,17.178113929907397,0
5,46.394857832761105,5.224396217110331,3,19.644536871563677,0
18,74.68052182229826,6.604412393236971,2,23.16221233183924,0
10,31.07815751176333,5.284442184958179,3,21.44976220374924,0
6,44.52509643001189,6.287769730171246,3,21.011445281931444,0
1,40.62220166130089,5.227096531839811,4,18.79398625099927,0
5,42.996511925420464,4.831469162794429,2,19.630770364177252,0
9,43.57001776519122,5.961875589992584,2,23.98287753764501,0
12,36.73579313141007,5.904929050510694,2,9.940209862500925,0
14,57.52702148572627,4.745548821357268,2,19.943047957606343,0
2,44.529047026128985,3.876189563428611,2,21.439937974636624,0
17,51.63573335588655,5.512593372110652,3,23.917915342736464,0
14,45.65174238089755,5.117523003443891,4,14.949770303580879,0
13,43.091195877137906,4.167692430843864,2,14.685451587734406,0
9,66.7227923608685,3.736399276194805,4,22.91977497439067,0
15,59.22932182209408,5.615713765841685,4,10.47773879871542,0
15,31.317996000448552,5.825142585541542,3,26.660945553803927,0
11,30.258625516641132,4.459951828017709,2,21.132959957464053,0
16,60.42608835636487,4.130094446130611,3,27.793606064217187,0
17,44.80146608451246,3.754617216444214,2,14.564638117152436,0
4,33.50917666065777,5.573382408717379,3,17.818202656408797,0
1,60.45735132540341,3.7940343895388953,4,7.960658365365571,0
8,51.6912405009909,8.361701853531097,2,16.02155118502362,0
17,52.515710848323195,4.384577846043505,4,19.080765596390602,0
3,58.095392720059074,1.3621785831910986,4,10.186462099957817,0
20,36.900228417176066,4.954742500056298,3,18.026865939008005,0
15,33.68499178615835,4.890449780271796,2,10.06329911569878,0
15,65.80954294903202,6.667577851286283,4,18.712699075442874,0
14,35.62833239257708,5.432189355091556,3,25.735559635541183,0
14,37.777622029244355,3.7492472248402966,2,19.825101249429387,0
2,39.77564620454234,4.570412189754835,2,28.291036863059013,0
13,70.79945923690522,5.491129657476482,4,23.93146281697305,0
14,54.93383300411523,1.752928624534384,2,26.740739243034856,0
19,59.6540797443538,7.007932601585677,4,16.175273795608582,0
7,51.96167545578729,3.7532451712930026,2,16.05429185803699,0
3,43.98112788798767,7.125565731421426,3,21.72806708192684,0
15,56.312912832601675,5.588697711689883,4,12.111489541835706,0
14,34.43384029203197,5.9443912045909615,4,22.355718748810453,0
11,39.04716547903505,6.7241351540019085,2,18.38040091726535,0
15,57.329751792614815,5.859698079038748,2,26.649984187733285,0
13,36.4274476917322,6.009329324476177,4,23.397561270397052,0
18,48.109185308381264,4.753375339307928,2,25.483532151700636,0
6,48.56487655644588,5.5582530222081425,3,16.228969593024765,0
3,44.71337996662838,4.118753277542385,2,25.241051343808643,0
19,30.48881525151143,4.484883350618048,3,27.223562471821413,0
15,43.71071108811307,7.947042571953363,3,19.806430883098297,0
5,41.750316230675146,3.7877096224243676,3,16.303246903167558,0
10,51.614398632876984,5.231475689954421,3,16.391063993827952,0
7,51.10490538699469,5.170203555073214,3,26.195064960079826,0
17,53.77961459936874,4.533868292328801,2,33.421728712116554,0
7,43.24013727025603,5.771601404855657,3,15.09177464912389,0
12,55.22777950465892,5.884583139112074,2,14.7073997497872,0
17,34.43993267226317,3.611271225278631,3,24.607070903372396,0
13,31.78095267347646,5.152035067319827,4,16.230432353166776,0
20,26.64427275833372,3.376448991841465,3,25.09177692114135,0
4,45.007027604280026,6.182822927475952,4,22.32673086763323,0
10,42.467017756614425,5.264730965543938,3,19.88011348751018,0
3,57.893156118546,5.123494830075631,3,22.20635767260844,0
9,43.5133741295113,5.9885470233086044,3,21.90099184576697,0
13,52.73376347944267,4.586734564297399,4,19.101967511069123,0
18,58.132965765830775,6.371032938827307,4,11.218194841807527,0
15,43.13680924350884,3.5773326908657963,3,20.893253642945176,0
4,52.980522101071756,7.117814778341791,2,27.86530183032082,0
15,60.019275489551944,4.17363322616772,3,11.956156683977383,0
2,37.61837225194433,2.4557313984566185,4,15.171074899305276,0
15,50.24852338244644,4.507197637305902,3,22.134134873830053,0
8,43.17965616800686,4.337047704118687,4,20.192959313661405,0
8,38.25510117506862,4.495889020774945,4,22.055910797921445,0
17,34.63548259509771,5.347472023225974,4,16.50340896086169,0
12,38.09351427821299,6.646763541332409,3,25.81229143296153,0
19,50.60029005752012,4.7124411291542945,4,20.234502828451056,0
10,33.89155544438253,3.9625736452716485,4,23.484927611715285,0
9,44.49272975911363,3.310179781574304,3,21.60138705485548,0
5,58.13194406852897,4.2977258130364335,4,20.87747483980496,0
6,54.49010963418936,2.168262741124471,3,23.13416828514065,0
20,44.69492377061843,3.9123003597254584,4,20.93243976983475,0
2,66.89690413358724,6.866080843793279,2,14.04900485952244,0
13,68.9303641391166,3.7649611931323657,2,25.436784128579824,0
6,50.26122431539726,5.943073791200458,4,24.090636431240917,0
5,25.314570841156918,3.1602768652872655,2,9.46574804321095,0
1,58.8644819701626,7.656643848965832,3,16.728998575621613,0
6,27.060236599664144,7.756410099597065,2,25.211802312464034,0
6,64.76146110720066,5.886532334839814,4,10.86535726761083,0
16,60.835849007422986,7.986878902465282,4,24.717834409503723,0
4,67.7421250413802,5.533689462391493,3,19.293887321728747,0
11,52.60265558367727,6.152775671224334,4,26.701412851669954,0
9,46.38614232818162,6.892900815097303,3,19.99426605462268,0
3,45.49898866309776,5.269577679647674,2,16.389660035021862,0
19,44.537398289691026,2.671433807622408,2,21.540428303795704,0
8,59.81068653674703,6.183445032851597,3,19.84807255245007,0
5,57.12271489505878,4.292210608349804,3,15.945744329296597,0
4,51.20225633434213,4.40370526856681,4,31.091717415056934,0
6,42.77818692073028,5.446842374718035,2,15.144509092078426,0
2,76.29212631300273,5.849421319576056,3,8.78522312470103,0
10,165.34498726085585,24.360985000364888,6,31.481572684253415,1
7,208.05462120180687,18.424566344029458,7,57.83589664798607,1
17,174.46503067332787,17.14126979021969,8,43.21356938705897,1
18,148.55734478007682,21.663037551620988,8,46.8176247225738,1
17,144.50548586840117,24.665640361705346,9,42.18843621868886,1
9,139.29980597460386,18.886396496116966,8,47.40199859232487,1
10,185.41922737356435,25.325859828571932,9,65.98538112096341,1
10,131.18059662146092,27.263083727430896,5,58.021284586181196,1
7,151.35668126999948,15.418395404632902,5,58.62223511886977,1
16,151.53593705643257,15.8153964810186,5,35.837729442073545,1
18,134.94647421565404,19.298124705473317,6,38.488462634471304,1
6,108.82603356347698,21.538063340945982,6,21.60921340514573,1
20,159.68923510853006,17.377164931164746,9,41.90619178917246,1
1,148.16988084433848,26.76101339433572,8,59.567031863856585,1
1,165.0072140830971,22.120334307592255,8,55.16946515748371,1
12,133.991990806825,20.197235241203696,5,47.784867370478764,1
2,186.62463896439144,12.820452380657361,7,49.77699716281947,1
4,123.69678656364465,13.420920917862464,6,43.11114457424594,1
17,201.36120852053676,21.405046251409033,6,52.04758882401784,1
4,97.57090470515215,9.337021869225818,5,57.65878279480615,1
11,163.04310193670673,25.063187048220357,6,33.84113212589527,1
4,164.2629204757987,19.209230778138398,5,52.99647687837348,1
1,126.13328796177353,36.215464847973664,9,59.32434870954667,1
7,162.73181813583037,31.539581253080552,8,45.848997110366305,1
18,188.38556009280478,19.092754653762416,7,57.00700612120583,1
9,83.49543481937806,19.468314987343426,8,78.14654444472552,1
3,165.08234422472444,24.97790757001015,8,48.95657207013108,1
8,75.20187539009767,28.515863049590187,9,53.93307050005323,1
19,121.03005589430376,11.809854712819917,6,42.61942916338609,1
4,198.87499094702835,11.068122673226567,7,51.8125116260205,1
18,132.5465389982384,16.889825972228092,6,54.60271624982304,1
20,114.78360106773081,22.91368791586932,8,51.94842340270138,1
11,144.06186813045954,22.484367952537987,5,39.80304680291143,1
14,212.03719014490656,25.34885727491925,8,52.06361771325451,1
18,95.04953258381921,14.001512358173459,6,64.62195938717636,1
16,118.46070265081967,8.419280685155616,8,54.486357645145276,1
3,194.9229504953888,24.290070976510727,5,59.619871890718414,1
15,205.73107030613198,15.859018635173827,9,47.629880299873726,1
4,146.89706327129147,9.90756067805681,6,57.4990023942371,1
5,112.82841892420072,20.725318729796907,8,52.792678382165256,1
17,212.87530505427478,23.965878441093388,6,40.49089270312768,1
7,197.8332717524759,19.389714339393613,9,53.18521004798875,1
16,170.36840963286699,17.710758069087554,8,40.0830333655969,1
14,125.6279295318774,19.203188839270467,8,43.67119725115208,1
16,148.52911977485888,18.147086187996084,6,51.893283072923744,1
7,145.1891975686551,13.259764440299165,6,52.97244273380124,1
9,159.92553913846734,16.426596615047842,5,38.10767534922871,1
4,193.53004314394008,22.606399525069072,9,60.53985771182876,1
11,176.3825112341221,21.6083927068825,5,55.72006278300473,1
2,117.67871769045726,20.8402990298341,8,42.95271564389116,1
12,191.29489350058614,15.024257590733104,6,34.624152035508246,1
12,159.39396420039466,19.092484189321663,8,48.55095420918569,1
4,170.6119738757675,9.114674767785726,8,45.540562861388395,1
18,193.99622577835808,20.892383319426948,7,51.13140457053023,1
7,116.65259251459347,27.144288539067837,7,46.36883338844434,1
1,148.9252326388061,12.629339339789471,8,29.925431392549903,1
13,134.05636345922355,17.070361633411224,6,46.11653061698841,1
6,102.96421723903632,21.64553389355065,8,46.94380888931687,1
6,160.4012993281476,26.264213172137417,7,56.33661024774059,1
12,225.3466965475327,17.758876918499254,6,43.0180032538895,1
8,94.79766766482742,16.538748353670517,8,66.78674673372566,1
19,149.03158166851588,10.155384287919585,9,30.88359449348243,1
5,169.21628805224321,20.51719064654053,9,63.111674978026244,1
18,153.69234604968543,30.21038020071872,8,47.756810291218954,1
5,146.6061584245278,21.38679230982338,6,58.595848723435566,1
10,111.02350909662528,19.888605104081435,8,50.79801484058733,1
1,156.9836022882049,21.61041155383493,8,61.39555536025469,1
10,127.2970806895222,19.94453998025699,7,46.12638035447189,1
5,84.3023488506434,15.934928138699352,9,39.01379574822188,1
12,185.8377666154119,24.116399578388528,7,64.20504287271064,1
7,178.75157459526127,21.12880761555877,7,48.86519354117859,1
9,151.5498293055324,20.088066259668288,8,52.21558473624211,1
12,156.87224064617106,15.123169863608751,7,62.34751914044795,1
1,182.22954038146685,26.517539659673794,9,39.68044757905565,1
11,156.7301897033425,23.32351372666555,7,55.95490897639257,1
15,177.12052664283942,17.23539581316349,9,44.10105243537109,1
2,141.0755339737845,25.009124268409685,7,48.67830644355628,1
20,189.3595121572184,17.512145808073964,9,50.72278965384289,1
7,159.62357177798052,16.089982537444815,7,34.997781385530644,1
12,155.8215583081762,16.201484412598564,7,42.211629571795655,1
18,111.89816733863904,11.144657234559544,6,63.51072892413139,1
3,158.60867562905128,22.35771190209103,9,58.86191188584796,1
7,125.04135247516646,10.84427560830825,9,49.37360422672765,1
11,130.85151820414518,13.857780843671186,9,52.431234585128934,1
18,125.53873115051637,9.622059954607334,5,47.05757494363542,1
12,118.01295204302325,19.569651536045534,7,63.56583385827982,1
6,213.74314209050885,19.24839769864064,9,47.99647422205836,1
5,189.94017185965208,18.36651893406818,5,52.31842092134848,1
1,207.61102506432783,14.787111526647118,6,61.460301441420654,1
12,113.3131494133331,14.1388312328168,9,42.226285151540935,1
11,152.13761249732678,22.32184931773287,9,65.58789184496894,1
4,111.19477124387713,17.247240341457562,5,34.69538590256623,1
18,129.12915368408807,21.581791607680724,7,66.29642131112799,1
4,122.45619049750275,15.573756569378887,6,46.27324416048025,1
17,187.18752019324685,20.905313713855413,9,47.57301252174718,1
2,138.11310965694722,26.516390186580317,7,31.09989828817057,1
2,182.05138001082048,22.930829001963918,6,45.452052826223074,1
12,168.12362668765553,17.937930908917597,8,39.60193468973116,1
6,219.10916256314368,21.285994851779638,8,43.923536546265275,1
10,105.61667330580828,18.796674127348936,6,48.6268903421112,1
16,187.77699719360396,20.03940092347364,5,59.57791614472906,1
14,184.39322611202184,18.371944739257483,6,52.076033514006255,1
7,120.79863485918897,19.178323970573043,6,53.07676653401114,1
19,180.21400009419477,21.060466765370876,5,39.044806111544375,1
17,160.08434889078686,15.033206502090247,5,41.192459103972695,1
9,143.17571220139777,14.920605865050108,7,67.98725018351311,1
13,125.28193539084,13.057287230843944,7,42.647989652367535,1
5,128.42671645652442,11.99864447748145,5,66.56208252057296,1
5,211.49436287357778,13.913586538897604,8,47.569388011191336,1
10,150.02048456872447,20.797312534020644,8,50.02287936143504,1
10,173.46390004594377,15.53606242254058,6,60.703651602299296,1
7,126.27301854997341,22.56807232115548,9,62.718924219386565,1
15,126.60441161335083,20.17356874376281,6,48.89187439720912,1
7,182.45954427749825,10.157478932809731,6,46.11756946478461,1
15,109.51271365345403,23.274877921108448,9,49.44079551477787,1
3,137.54358696284186,24.05399322795855,5,53.379575282321184,1
19,151.02082233216697,15.030686625825734,8,58.91303686869755,1
10,153.34117805520157,22.10095771447496,6,50.04229858994152,1
15,144.62720144951533,15.717508812954005,9,56.188862980231534,1
3,161.8745934328777,20.48835188374168,7,66.3835973227094,1
6,170.78567267453434,13.677507965225171,6,53.81309612264785,1
12,172.0391263637799,11.034467737327116,8,53.11652856004778,1
15,120.4258857399652,18.085914051935156,5,34.810891749099326,1
6,141.47534706213608,19.381355268625818,6,23.692698631709366,1
13,185.84288585630813,18.01160153192698,6,53.88375729230168,1
19,176.83941562721617,14.079847208887202,9,49.05175768719128,1
3,108.81421645556807,18.000504689344314,7,44.85217325085258,1
8,160.54439701056606,21.34647376290367,7,52.435302041863444,1
8,90.65324251875569,19.775534849387316,5,49.395962708030915,1
20,151.4080470618111,20.91250515299607,8,61.277802506338986,1
15,206.93301050237932,16.649423997728835,5,50.86110868258978,1
4,121.56321848193042,25.858589573580797,6,42.53076714929833,1
19,124.97030863525254,14.119133317226098,6,59.901662389592886,1
3,172.9208934471858,22.437801485433592,7,47.82868925053798,1
13,103.71595454371062,25.90945546479981,8,55.265366836723075,1
8,131.01734910344882,22.40454046374448,9,45.22589293807199,1
16,167.8932341274526,18.98737886467585,8,43.50173114502564,1
13,130.97142456931792,17.358514766685104,6,50.84168230185696,1
3,142.92090038367084,25.18043825523128,9,50.12828643543685,1
16,172.32557130945105,12.885125373691634,8,54.79827035366833,1
9,162.64638250609684,15.149378698101781,8,47.313542466902575,1
14,158.00455188886207,18.01221117254139,9,31.636402162296026,1
13,139.82633162189885,26.18826878755999,6,45.672261164116115,1
7,161.10183345806865,21.89883818020448,8,57.93818467143816,1
15,146.2880195970073,15.159771207448774,9,47.026239207568935,1
7,163.73416829777355,18.448461473075483,6,47.53616597485452,1
6,135.09203924646064,16.92838427951853,9,59.863765059059375,1
2,144.52293076861378,16.451055038832326,9,42.880267727410775,1
9,120.30126622343958,24.894447792783897,8,34.57196781757101,1
17,148.9497716998129,13.141284353682472,6,48.393688804745054,1
5,125.66997409113466,28.043904278671867,8,45.15826048751263,1
12,116.5786064951402,24.141148450923115,5,40.33753680246746,1
1,157.75983443566165,25.45430835301849,5,48.24621544101309,1
10,156.3821932757298,17.68530243987371,6,54.91505647246784,1
11,173.48621204845716,19.250296404604452,9,49.907114384321844,1
16,137.06623291274704,12.83424092737644,8,53.06981072686238,1
14,162.24158540510268,17.376687964665983,8,68.13407698515422,1
8,166.5239271682099,22.468274238215756,6,46.57121138442436,1
17,163.34321423494785,26.48031530890698,6,52.78348634644669,1
18,125.23038951593574,14.464215915987742,5,44.907866374008655,1
12,154.48090446813566,18.17247031507367,7,41.53640280113027,1
17,160.92420888163983,19.24350389883739,6,44.1509234658223,1
14,150.21535400723826,13.021053989037574,7,45.212414284783115,1
16,87.40567024886747,22.956746208792,6,53.59475797547125,1
14,154.8146887192044,16.380048341286955,9,73.49075786700757,1
9,216.37593118191728,19.02304824411488,9,42.8395656372416,1
4,139.19882193729052,17.74025314044061,5,45.83374694384538,1
11,128.15768706434037,16.053307471401627,5,49.36876986888752,1
6,161.20045679134194,19.964775072597227,7,53.957988487097474,1
15,159.37134631399715,18.92195210715989,6,52.63550811954785,1
5,185.78205496249242,18.140710588606673,8,62.84095793948117,1
11,112.26395532273337,16.357691891598286,5,25.73607929464792,1
18,171.94140757724978,21.597623353914777,8,26.130701298043274,1
13,167.71266183754392,28.268086342461423,8,45.04121827989851,1
11,145.73560389178363,20.699436164195635,6,60.97300187543709,1
14,160.1606195376507,24.980591074555644,7,34.34351968394404,1
18,180.88372444795073,13.048890374232688,6,19.92367660306243,1
19,176.16946140085352,20.78880719646885,5,55.711794062192084,1
15,115.70942063778814,14.513158405144667,8,52.43657223702714,1
9,174.60474560266454,12.615375362340494,6,39.097915932005705,1
8,148.05934184902443,16.30314296270482,6,40.1446039927907,1
20,152.18622294046546,25.959496672067864,6,40.30256280365326,1
1,152.19590973005083,24.750079143348227,5,51.1053531747394,1
4,145.4927103360522,21.215023610272,7,43.73684723816993,1
14,185.75122491321196,12.336497200550346,6,54.940639189755196,1
2,147.48846120452365,19.018596743060314,5,21.45373337095609,1
16,116.41361614850494,21.50850004450868,8,41.43148134872201,1
3,138.19410432090814,20.87768114789299,9,38.7394603908895,1
8,155.36084150431427,10.78103208259627,5,47.43659321627508,1
6,186.87644352891152,15.54841075990064,9,44.619522415098615,1
16,168.092840548465,19.679611179256415,6,57.978437798957664,1
16,124.48394163758869,22.68145454758595,6,31.406632283399425,1
7,224.55569750036676,9.019360894500268,5,50.45491476330752,1
13,157.94325932933938,19.189380122600706,9,55.583364232117056,1
13,188.26172213997046,20.71524384939476,6,68.56647436561954,1
5,145.44856699268314,24.248059942581065,8,45.18234028906525,1
20,166.00077734116348,23.464287921187182,7,53.24458604352517,1
18,175.18405513555214,22.912856594044026,7,31.96137207437635,1
15,186.5458413526277,16.00029746649033,6,26.080437956869762,1
18,181.72104916134674,10.459989314383462,9,58.447743757817,1
